[
    {
        "enable": true,
        "fight_duration": 20,
        "fight_team": "纳西妲_钟离_芙宁娜_枫原万叶_(采集队).txt",
        "files": [
            "月莲_须弥_护世森下_7个.json",
            "月莲_须弥_护世森左_4个.json",
            "月莲_须弥_维摩庄_6个.json",
            "月莲_须弥_维摩庄右_2个.json",
            "月莲_须弥_降魔山下_7个.json",
            "月莲_须弥_降魔山左下_6个.json",
            "甜甜花_清泉镇_蒙德_11个_20240814_102736.json",
            "风车菊_蒙德_8个_20240814_101536.json",
            "霓裳花_望舒客栈_璃月_7个_20240814_100958.json",
            "霓裳花_璃月_8个_20240814_100643.json",
            "月莲_卡扎莱宫_须弥_5个.json",
            "月莲_桓那兰那_须弥_4个_20240826_063626.json",
            "月莲_禅那园_须弥_4个_20240814_113747.json",
            "月莲_茸蕈窟_须弥_4个.json",
            "月莲_觉王之殿右上_须弥_2个_20240814_115423.json"
        ],
        "name": "采集清单",
        "team_enable": false,
        "frequency": 1,
        "lastExecutionDate" : "2024-10-02"
    },
    {
        "enable": true,
        "fight_duration": 20,
        "fight_team": "纳西妲_钟离_芙宁娜_枫原万叶_(采集队).txt",
        "files": [
            "树王圣体菇_无郁稠林_右下角蘑菇平台_须弥_6个_20240826_054526.json",
            "树王圣体菇_无郁稠林_左上角丘丘人寨子附近_须弥_1个_20240826_055107.json",
            "树王圣体菇_无郁稠林_左上角地面_须弥_5个_20240920_113358.json",
            "树王圣体菇_无郁稠林_左上角蘑菇平台_须弥_2个_20240913_125759.json",
            "树王圣体菇_无郁稠林_右下角地面_须弥_6个_20240912_192410.json"
        ],
        "name": "树王圣体菇",
        "team_enable": false,
        "frequency": 1,
        "lastExecutionDate" : "2024-10-02"
    },
    {
        "enable": false,
        "fight_duration": 20,
        "fight_team": "",
        "files": [
            "盗宝团_轻策庄西北_璃月_3个_20240903_102056.json",
            "盗宝团_天衡山南偏西_璃月_4个_20240907_041302.json",
            "盗宝团_天衡山西南_璃月_4个_20240907_044009.json",
            "盗宝团_奥藏山东北2_璃月_5个_20240903_213216.json",
            "盗宝团_奥藏山东部偏远_璃月_2个_20240903_104456.json",
            "盗宝团_归离园东南_璃月_2个_20240907_025502.json"
        ],
        "name": "盗宝团",
        "team_enable": true,
        "frequency": 1,
        "lastExecutionDate" : "2024-10-02"
    },
    {
        "enable": true,
        "fight_team": "纳西妲_钟离_芙宁娜_枫原万叶_(采集队).txt",
        "files": [
            "海灵芝_蛇神之首右_稻妻_5个_20240902_021100.json",
            "海灵芝_越石村东北_稻妻_8个_20240902_103329.json",
            "海灵芝_踏鞴沙右下_稻妻_6个_20240912_193013.json",
            "海灵芝_踏鞴沙左上_稻妻_9个_20240912_193303.json",
            "海灵芝_九条阵屋下_稻妻_7个_20240902_012801.json",
            "海灵芝_九条阵屋右_稻妻_7个_20240902_053636.json",
            "海灵芝_九条阵屋左_稻妻_2个_20240902_013233.json",
            "海灵芝_天云峠北方_稻妻_3个_20240902_101656.json",
            "海灵芝_天云峠右上2_稻妻_3个_20240902_085501.json",
            "海灵芝_天云峠右上_稻妻_4个_20240912_194336.json",
            "海灵芝_天云峠右下_稻妻_10个_20240914_163308.json",
            "海灵芝_曚云神社西_稻妻_6个_20240902_120825.json",
            "海灵芝_望泷村东_稻妻_3个_20240902_112813.json",
            "海灵芝_望泷村西南_稻妻_3个_20240902_124113.json",
            "海灵芝_水月池东南远处离岛_稻妻_2个_20240902_112157.json",
            "海灵芝_浅濑神社_稻妻_4个_20240902_110601.json",
            "海灵芝_清籁丸西北_稻妻_4个_20240902_104400.json",
            "海灵芝_珊瑚宫西北_稻妻_5个_20240912_200123.json",
            "海灵芝_神里屋敷右小角小岛_稻妻_5个_20240902_053855.json",
            "海灵芝_绀田村左上角_稻妻_5个_20240902_003631.json",
            "海灵芝_荒海右边_稻妻_4个_20240912_200717.json"
        ],
        "name": "海灵芝",
        "team_enable": false,
        "fight_duration": 20,
        "frequency": 1,
        "lastExecutionDate" : "2024-10-02"
    },
    {
        "enable": false,
        "fight_duration": 20,
        "fight_team": "",
        "files": [
            "丘丘萨满_望风山地_蒙德_2个_20240904_103232.json",
            "丘丘萨满_望风角_蒙德_3个_20240821_204922.json",
            "丘丘萨满_清泉镇右下_蒙德_1个_20240822_125927.json",
            "丘丘萨满_清泉镇左下_蒙德_2个_20240822_130931.json",
            "丘丘萨满_覆雪之路右上2_蒙德_2个_20240822_125149.json",
            "丘丘萨满_覆雪之路右上_蒙德_1个_20240822_124317.json",
            "丘丘萨满_风龙废墟东北2_蒙德_1个_20240903_224650.json",
            "丘丘萨满_风龙废墟东北_蒙德_1个_20240903_223528.json",
            "丘丘萨满_鹰翔海滩_蒙德_1个_20240822_014932.json",
            "丘丘萨满_千风神殿下_蒙德_1个_20240912_152846.json",
            "丘丘萨满_千风神殿左下2_蒙德_1个_20240904_134900.json",
            "丘丘萨满_千风神殿左下_蒙德_1个_20240904_103202.json",
            "丘丘萨满_塞西莉亚苗圃_蒙德_1个_20240903_221005.json",
            "丘丘萨满_奔狼领右_蒙德_2个_20240913_124142.json",
            "丘丘萨满_奔狼领右上_蒙德_1个_20240822_132448.json",
            "丘丘萨满_摘星崖_蒙德_1个_20240822_002554.json",
            "丘丘萨满_明冠峡东南_蒙德_2个_20240903_221716.json",
            "丘丘萨满_明冠峡南_蒙德_1个_20240903_221843.json",
            "丘丘萨满_望风山地2_蒙德_2个_20240822_001412.json"
        ],
        "name": "萨满",
        "team_enable": true,
        "frequency": 1,
        "lastExecutionDate" : "2024-10-02"
    }
]