[
    {
        "name": "仲夏庭园",
        "country": "蒙德",
        "type": "圣遗物",
        "position": [
            3908.1562,
            -6226.022
        ]
    },
    {
        "name": "塞西莉亚苗圃",
        "country": "蒙德",
        "type": "武器突破素材",
        "position": [
            1266.0,
            -5753.0
        ]
    },
    {
        "name": "震雷连山密宫",
        "country": "蒙德",
        "type": "武器突破素材",
        "position": [
            1622.3379,
            -2708.6192
        ]
    },
    {
        "name": "铭记之谷",
        "country": "蒙德",
        "type": "圣遗物",
        "position": [
            2115.8008,
            -4643.8292
        ]
    },
    {
        "name": "孤云凌霄之处",
        "country": "璃月",
        "type": "圣遗物",
        "position": [
            2720.9785199999997,
            -656.53028
        ]
    },
    {
        "name": "无妄引咎密宫",
        "country": "蒙德",
        "type": "圣遗物",
        "position": [
            4.990239999999972,
            -4625.9698
        ]
    },
    {
        "name": "华池岩岫",
        "country": "璃月",
        "type": "圣遗物",
        "position": [
            -2068.0,
            -3821.0
        ]
    },
    {
        "name": "忘却之峡",
        "country": "蒙德",
        "type": "天赋培养素材",
        "position": [
            2573.7949200000003,
            -4599.8194
        ]
    },
    {
        "name": "太山府",
        "country": "璃月",
        "type": "天赋培养素材",
        "position": [
            -1546.0,
            -2557.0
        ]
    },
    {
        "name": "芬德尼尔之顶",
        "country": "蒙德",
        "type": "圣遗物",
        "position": [
            2437.42968,
            -3319.3398
        ]
    },
    {
        "name": "山脊守望",
        "country": "蒙德",
        "type": "圣遗物",
        "position": [
            1433.4531200000001,
            -4181.544
        ]
    },
    {
        "name": "砂流之庭",
        "country": "稻妻",
        "type": "武器突破素材",
        "position": [
            9602.854,
            3558.7266
        ]
    },
    {
        "name": "菫色之庭",
        "country": "稻妻",
        "type": "天赋培养素材",
        "position": [
            8657.9414,
            5168.1406
        ]
    },
    {
        "name": "椛染之庭",
        "country": "稻妻",
        "type": "圣遗物",
        "position": [
            5524.5312,
            6304.164
        ]
    },
    {
        "name": "沉眠之庭",
        "country": "稻妻",
        "type": "圣遗物",
        "position": [
            9213.293,
            7356.5740000000005
        ]
    },
    {
        "name": "岩中幽谷",
        "country": "璃月",
        "type": "圣遗物",
        "position": [
            -3004.246,
            -287.3994
        ]
    },
    {
        "name": "昏识塔",
        "country": "璃月",
        "type": "天赋培养素材",
        "position": [
            -5240.92,
            -1053.66
        ]
    },
    {
        "name": "缘觉塔",
        "country": "璃月",
        "type": "圣遗物",
        "position": [
            -3632.9424,
            -112.4423999999999
        ]
    },
    {
        "name": "有顶塔",
        "country": "须弥",
        "type": "武器突破素材",
        "position": [
            -6153.04,
            2253.7676
        ]
    },
    {
        "name": "赤金的城墟",
        "country": "须弥",
        "type": "圣遗物",
        "position": [
            -7793.165999999999,
            1574.6992
        ]
    },
    {
        "name": "熔铁的孤塞",
        "country": "须弥",
        "type": "圣遗物",
        "position": [
            -11316.8594,
            -1092.03222
        ]
    },
    {
        "name": "苍白的遗荣",
        "country": "枫丹",
        "type": "天赋培养素材",
        "position": [
            -7587.623046000001,
            -7217.315918
        ]
    },
    {
        "name": "深潮的余响",
        "country": "枫丹",
        "type": "武器突破素材",
        "position": [
            -8615.60254,
            -9153.028808
        ]
    },
    {
        "name": "罪祸的终末",
        "country": "枫丹",
        "type": "圣遗物",
        "position": [
            -8663.15039,
            -4946.6479500000005
        ]
    },
    {
        "name": "临瀑之城",
        "country": "枫丹",
        "type": "圣遗物",
        "position": [
            -7099.6748,
            -6179.831
        ]
    },
    {
        "name": "褪色的剧场",
        "country": "须弥",
        "type": "圣遗物",
        "position": [
            -7615.6006,
            -3816.0772
        ]
    },
    {
        "name": "蕴火的幽墟",
        "country": "纳塔",
        "type": "天赋培养素材",
        "position": [
            -14797.3740234376,
            2494.4523925782
        ]
    },
    {
        "name": "深古瞭望所",
        "country": "纳塔",
        "type": "武器突破素材",
        "position": [
            -15560.0693359376,
            2501.7631835938
        ]
    },
    {
        "name": "虹灵的净土",
        "country": "纳塔",
        "type": "圣遗物",
        "position": [
            -17292.578125,
            3601.9599609376
        ]
    }
]